{
  "1": 0,
  "2": 0,
  "3": 0,
  "4": 0,
  "5": 0,
  "6": 0,
  "7": 0,
  "8": 12939,
  "9": 6020.48901,
  "10": 7078,
  "11": 5488.110605,
  "12": 6087,
  "13": 12265.363935,
  "14": 9803,
  "15": 2989.34573,
  "16": 9258.266216,
  "17": 0,
  "18": 0,
  "19": 0,
  "20": 0,
  "21": 0,
  "22": 0,
  "23": 0,
  "24": 0,
  "25": 0,
  "26": 0,
  "27": 0,
  "28": 0,
  "29": 0
}