{
  "1": 0,
  "2": 0,
  "3": 0,
  "4": 0,
  "5": 0,
  "6": 0,
  "7": 0,
  "8": 12939,
  "9": 6020.48901,
  "10": 7078,
  "11": 5488.110605,
  "12": 6087,
  "13": 12265.363935,
  "14": 9803,
  "15": 2989.34573,
  "16": 9258.266216,
  "17": 2758.247735,
  "18": 3385,
  "19": 3326,
  "20": 6438,
  "21": 5919.830422,
  "22": 5039,
  "23": 4171,
  "24": 13617.120938,
  "25": 13505,
  "26": 7536,
  "27": 8294,
  "28": 14533,
  "29": 4985
}