{
  "1": 0,
  "2": 0,
  "3": 0,
  "4": 0,
  "5": 0,
  "6": 172243.848202,
  "7": 380900.264327,
  "8": 127842.08317600001,
  "9": 98751.716943,
  "10": 30487.942185,
  "11": 0,
  "12": 0
}