{
  "1": 0,
  "2": 0,
  "3": 0,
  "4": 0,
  "5": 0,
  "6": 172243.848202,
  "7": 380900.264327,
  "8": 17702.299566,
  "9": 0,
  "10": 0,
  "11": 0,
  "12": 0
}