{
  "1": 0,
  "2": 0,
  "3": 0,
  "4": 0,
  "5": 0,
  "6": 172243.848202,
  "7": 34497.640972,
  "8": 0,
  "9": 0,
  "10": 0,
  "11": 0,
  "12": 0
}