{
  "2023": 1033837.746170999,
  "2024": 879203.6105080001
}