{
  "2023": 1033837.746170999,
  "2024": 509374.52748300007
}