{
  "2023": 1033837.746170999,
  "2024": 665979.8286350003
}