{
  "2023": 1033837.746170999,
  "2024": 860797.6640480002
}