{
  "2023": 1033837.746170999,
  "2024": 472286.766444
}