{
  "2023": 1033837.746170999,
  "2024": 664028.0276210002
}