{
  "2023": 1033837.746170999,
  "2024": 405576.12577100017
}