{
  "2023": 1033837.746170999,
  "2024": 344079.5693170001
}