{
  "2023": 1033837.746170999,
  "2024": 1165710.1721700002
}