{
  "2023": 1033837.746170999,
  "2024": 1144936.9731770004
}