{
  "2023": 1033837.746170999,
  "2024": 368376.1291360002
}