{
  "2023": 1033837.746170999,
  "2024": 369244.9465640002
}