{
  "2023": 1033837.746170999,
  "2024": 512694.1977690001
}