{
  "2023": 1033837.746170999,
  "2024": 593565.475947
}