{
  "2023": 1033837.746170999,
  "2024": 929938.0050750002
}