{
  "2023": 1033837.746170999,
  "2024": 549870.180027
}