{
  "2023": 1033837.746170999,
  "2024": 1011395.9102500002
}