{
  "2023": 1033837.746170999,
  "2024": 502173.6997190001
}