{
  "2023": 1033837.746170999,
  "2024": 21806.969962999996
}