{
  "2023": 1033837.746170999,
  "2024": 270361.05561200005
}