{
  "2023": 1033837.746170999,
  "2024": 649572.7455620001
}