{
  "2023": 1033837.746170999,
  "2024": 524144.1245080001
}