{
  "2023": 1033837.746170999,
  "2024": 701460.0484240003
}