{
  "2023": 1033837.746170999,
  "2024": 920678.9123890003
}