{
  "2023": 1033837.746170999,
  "2024": 139003.296934
}