{
  "2023": 1033837.746170999,
  "2024": 318924.47412800015
}