{
  "2023": 1033837.746170999,
  "2024": 919754.0151560003
}