{
  "2023": 1033837.746170999,
  "2024": 406270.32535700017
}