{
  "2023": 1033837.746170999,
  "2024": 293232.18336200016
}