{
  "2023": 1033837.746170999,
  "2024": 678605.0741010002
}