{
  "2023": 1033837.746170999,
  "2024": 255820.34435100004
}