{
  "2023": 1033837.746170999,
  "2024": 669324.5816020002
}