{
  "2023": 1033837.746170999,
  "2024": 1118678.2106300003
}