{
  "2023": 1033837.746170999,
  "2024": 644382.4979450001
}