{
  "2023": 1033837.746170999,
  "2024": 136475.538055
}