{
  "2023": 1033837.746170999,
  "2024": 628573.347456
}