{
  "2023": 1033837.746170999,
  "2024": 358188.42276300007
}