{
  "2023": 1033837.746170999,
  "2024": 430628.86281900015
}