{
  "2023": 1033837.746170999,
  "2024": 1085819.6881180005
}