{
  "2023": 1033837.746170999,
  "2024": 677636.3144090002
}