{
  "2023": 1033837.746170999,
  "2024": 650091.3907310001
}