{
  "2023": 1033837.746170999,
  "2024": 1005594.2126100003
}