{
  "2023": 1033837.746170999,
  "2024": 17192.386845999998
}