{
  "2023": 1033837.746170999,
  "2024": 847886.3580800003
}