{
  "2023": 1033837.746170999,
  "2024": 373459.0258080002
}