{
  "2023": 1033837.746170999,
  "2024": 266826.26242100005
}