{
  "2023": 1033837.746170999,
  "2024": 888912.6877170001
}