{
  "2023": 1033837.746170999,
  "2024": 367948.3307160002
}