{
  "2023": 1033837.746170999,
  "2024": 443899.37366900017
}