{
  "2023": 1033837.746170999,
  "2024": 1059330.9256960002
}