{
  "2023": 1033837.746170999,
  "2024": 684330.0979840002
}