{
  "2023": 1033837.746170999,
  "2024": 550458.7807430001
}