{
  "2023": 1033837.746170999,
  "2024": 771370.7785090002
}