{
  "2023": 1033837.746170999,
  "2024": 1065777.7472600003
}