{
  "2023": 1033837.746170999,
  "2024": 356032.8209190001
}