{
  "2023": 1033837.746170999,
  "2024": 830050.5981290003
}