{
  "2023": 1033837.746170999,
  "2024": 1122815.1603960004
}