{
  "2023": 1033837.746170999,
  "2024": 369081.8256580002
}