{
  "2023": 1033837.746170999,
  "2024": 398519.64873300015
}