{
  "2023": 1033837.746170999,
  "2024": 670568.7836740002
}