{
  "2023": 1033837.746170999,
  "2024": 1086755.8318250005
}