{
  "2023": 1033837.746170999,
  "2024": 367869.43724700017
}