{
  "2023": 1033837.746170999,
  "2024": 592321.065191
}