{
  "2023": 1033837.746170999,
  "2024": 310234.0191830002
}