{
  "2023": 1033837.746170999,
  "2024": 306264.1254990002
}