{
  "2023": 1033837.746170999,
  "2024": 543569.1798650001
}