{
  "2023": 1033837.746170999,
  "2024": 597695.814783
}