{
  "2023": 1033837.746170999,
  "2024": 1095231.2971620003
}