{
  "2023": 1033837.746170999,
  "2024": 518344.30402800004
}