{
  "2023": 1033837.746170999,
  "2024": 680414.3676900002
}