{
  "2023": 1033837.746170999,
  "2024": 594010.2862630001
}