{
  "2023": 1033837.746170999,
  "2024": 348225.54416100006
}