{
  "2023": 1033837.746170999,
  "2024": 244171.71111100004
}