{
  "2023": 1033837.746170999,
  "2024": 367979.95336900017
}