{
  "2023": 1033837.746170999,
  "2024": 217185.341596
}