{
  "2023": 1033837.746170999,
  "2024": 576881.2081630001
}