{
  "2023": 1033837.746170999,
  "2024": 783915.1784300002
}