{
  "2023": 1033837.746170999,
  "2024": 450412.9865950001
}