{
  "2023": 1033837.746170999,
  "2024": 322083.22179800016
}