{
  "2023": 1033837.746170999,
  "2024": 1122037.0644870002
}