{
  "2023": 1033837.746170999,
  "2024": 382295.13308600016
}