{
  "2023": 1033837.746170999,
  "2024": 30443.388286999998
}