{
  "2023": 1033837.746170999,
  "2024": 979904.6611570003
}