{
  "2023": 1033837.746170999,
  "2024": 315944.41610800015
}