{
  "2023": 1033837.746170999,
  "2024": 61884.703958
}