{
  "2023": 1033837.746170999,
  "2024": 552347.9008030001
}