{
  "2023": 1033837.746170999,
  "2024": 874788.7433220001
}