{
  "2023": 1033837.746170999,
  "2024": 39764.414012999994
}