{
  "2023": 1033837.746170999,
  "2024": 627314.351957
}