{
  "2023": 1033837.746170999,
  "2024": 223365.29560500002
}