{
  "2023": 1033837.746170999,
  "2024": 1161546.7240100002
}