{
  "2023": 1033837.746170999,
  "2024": 351662.0132570001
}