{
  "2023": 1033837.746170999,
  "2024": 19216.770302999998
}