{
  "2023": 1033837.746170999,
  "2024": 445601.34767800017
}