{
  "2023": 1033837.746170999,
  "2024": 303051.7590220002
}