{
  "2023": 1033837.746170999,
  "2024": 831655.5578780002
}