{
  "2023": 1033837.746170999,
  "2024": 450855.7803970001
}