{
  "2023": 1033837.746170999,
  "2024": 771340.3144650002
}