{
  "2023": 1033837.746170999,
  "2024": 947228.2270490003
}