{
  "2023": 1033837.746170999,
  "2024": 1141560.5368020004
}