{
  "2023": 1033837.746170999,
  "2024": 452999.85982700007
}