{
  "2023": 1033837.746170999,
  "2024": 366418.32603600016
}