{
  "2023": 1033837.746170999,
  "2024": 578799.2888770001
}