{
  "2023": 1033837.746170999,
  "2024": 966026.8757880003
}