{
  "2023": 1033837.746170999,
  "2024": 340167.80533900013
}