{
  "2023": 1033837.746170999,
  "2024": 94857.73676700001
}