{
  "2023": 1033837.746170999,
  "2024": 188963.664301
}