{
  "2023": 1033837.746170999,
  "2024": 665669.7747920003
}