{
  "2023": 1033837.746170999,
  "2024": 76023.60740800001
}