{
  "2023": 1033837.746170999,
  "2024": 554508.356691
}