{
  "2023": 1033837.746170999,
  "2024": 146696.30803800002
}