{
  "2023": 1033837.746170999,
  "2024": 184084.514526
}