{
  "2023": 1033837.746170999,
  "2024": 384318.93440200016
}