{
  "2023": 1033837.746170999,
  "2024": 679227.0621100002
}