{
  "2023": 1033837.746170999,
  "2024": 902002.0708410003
}