{
  "2023": 1033837.746170999,
  "2024": 468562.834142
}