{
  "2023": 1033837.746170999,
  "2024": 955127.2338300003
}