{
  "2023": 1033837.746170999,
  "2024": 141764.219213
}