{
  "2023": 1033837.746170999,
  "2024": 672687.7443130002
}