{
  "2023": 1033837.746170999,
  "2024": 864554.5685760003
}