{
  "2023": 1033837.746170999,
  "2024": 364460.9605470001
}