{
  "2023": 1033837.746170999,
  "2024": 703360.3475260002
}