{
  "2023": 1033837.746170999,
  "2024": 28458.025224999998
}