{
  "2023": 1033837.746170999,
  "2024": 545548.753382
}