{
  "2023": 1033837.746170999,
  "2024": 385401.71046300017
}