{
  "2023": 1033837.746170999,
  "2024": 600473.276218
}