{
  "2023": 1033837.746170999,
  "2024": 191305.53447100002
}