{
  "2023": 1033837.746170999,
  "2024": 1099650.3535560004
}