{
  "2023": 1033837.746170999,
  "2024": 133644.621151
}