{
  "2023": 1033837.746170999,
  "2024": 69169.114539
}