{
  "2023": 1033837.746170999,
  "2024": 52726.220220999996
}