{
  "2023": 1033837.746170999,
  "2024": 662198.6283600002
}