{
  "2023": 1033837.746170999,
  "2024": 603864.6635939999
}