{
  "2023": 1033837.746170999,
  "2024": 996470.0747940002
}