{
  "2023": 1033837.746170999,
  "2024": 151279.63217800003
}