{
  "2023": 1033837.746170999,
  "2024": 348095.11079600005
}