{
  "2023": 1033837.746170999,
  "2024": 1060371.2273850003
}