{
  "2023": 1033837.746170999,
  "2024": 624393.6069049999
}