{
  "2023": 1033837.746170999,
  "2024": 901036.1103690004
}