{
  "2023": 1033837.746170999,
  "2024": 387217.33118700015
}