{
  "2023": 1033837.746170999,
  "2024": 525385.5498680001
}