{
  "2023": 1033837.746170999,
  "2024": 367584.50798600016
}