{
  "2023": 1033837.746170999,
  "2024": 808514.8215980002
}