{
  "2023": 1033837.746170999,
  "2024": 414182.2530960002
}