{
  "2023": 1033837.746170999,
  "2024": 650661.3971850001
}