{
  "2023": 1033837.746170999,
  "2024": 73036.878998
}