{
  "2023": 1033837.746170999,
  "2024": 2172.250581
}