{
  "2023": 1033837.746170999,
  "2024": 110211.481142
}