{
  "2023": 1033837.746170999,
  "2024": 918115.7525940003
}