{
  "2023": 1033837.746170999,
  "2024": 94865.20036100001
}