{
  "2023": 1033837.746170999,
  "2024": 1155381.6165370003
}