{
  "2023": 1033837.746170999,
  "2024": 39570.123766
}