{
  "2023": 1033837.746170999,
  "2024": 272049.1563370001
}