{
  "2023": 1033837.746170999,
  "2024": 588528.0124260001
}