{
  "2023": 1033837.746170999,
  "2024": 26154.544919999997
}