{
  "2023": 1033837.746170999,
  "2024": 1036946.1631430002
}