{
  "2023": 1033837.746170999,
  "2024": 649404.7214060001
}