{
  "2023": 1033837.746170999,
  "2024": 660144.7346700002
}