{
  "2023": 1033837.746170999,
  "2024": 668737.5635920002
}