{
  "2023": 1033837.746170999,
  "2024": 671740.7323560002
}