{
  "2023": 1033837.746170999,
  "2024": 309372.7214320002
}