{
  "2023": 1033837.746170999,
  "2024": 457489.56363000005
}