{
  "2023": 1033837.746170999,
  "2024": 679964.5389480002
}