{
  "2023": 1033837.746170999,
  "2024": 435367.76467500016
}