{
  "2023": 1033837.746170999,
  "2024": 280188.0390310001
}