{
  "2023": 1033837.746170999,
  "2024": 451878.7486500001
}