{
  "2023": 1033837.746170999,
  "2024": 200696.07419800002
}