{
  "2023": 1033837.746170999,
  "2024": 146883.64245500002
}