{
  "2023": 1033837.746170999,
  "2024": 1099530.0351880002
}