{
  "2023": 1033837.746170999,
  "2024": 336231.68370500015
}