{
  "2023": 1033837.746170999,
  "2024": 447168.54766000016
}