{
  "2023": 1033837.746170999,
  "2024": 105322.53587800001
}