{
  "2023": 1033837.746170999,
  "2024": 633743.3087810001
}