{
  "2023": 1033837.746170999,
  "2024": 609839.7862169999
}