{
  "2023": 1033837.746170999,
  "2024": 899170.0570860002
}