{
  "2023": 1033837.746170999,
  "2024": 224307.74117300002
}