{
  "2023": 1033837.746170999,
  "2024": 402884.62485300016
}