{
  "2023": 1033837.746170999,
  "2024": 550116.4737430001
}