{
  "2023": 1033837.746170999,
  "2024": 479855.71548300004
}