{
  "2023": 1033837.746170999,
  "2024": 441576.5314120001
}