{
  "2023": 1033837.746170999,
  "2024": 134041.278961
}