{
  "2023": 1033837.746170999,
  "2024": 820013.3936430003
}