{
  "2023": 1033837.746170999,
  "2024": 204218.946831
}