{
  "2023": 1033837.746170999,
  "2024": 82906.61492100001
}