{
  "2023": 1033837.746170999,
  "2024": 332159.09445000015
}