{
  "2023": 1033837.746170999,
  "2024": 176586.13650400002
}