{
  "2023": 1033837.746170999,
  "2024": 1128006.2422150003
}