{
  "2023": 1033837.746170999,
  "2024": 938401.1555680003
}