{
  "2023": 1033837.746170999,
  "2024": 173623.41417800004
}