{
  "2023": 1033837.746170999,
  "2024": 424224.81749100017
}