{
  "2023": 1033837.746170999,
  "2024": 493093.28680500004
}