{
  "2023": 1033837.746170999,
  "2024": 1073886.4218640004
}