{
  "2023": 1033837.746170999,
  "2024": 868451.8291040002
}