{
  "2023": 1033837.746170999,
  "2024": 406115.1253840002
}