{
  "2023": 1033837.746170999,
  "2024": 80874.71228300002
}