{
  "2023": 1033837.746170999,
  "2024": 596779.187812
}