{
  "2023": 1033837.746170999,
  "2024": 679657.4244930001
}