{
  "2023": 1033837.746170999,
  "2024": 385549.91476200015
}