{
  "2023": 1033837.746170999,
  "2024": 289802.5497650001
}