{
  "2023": 1033837.746170999,
  "2024": 59246.703965
}