{
  "2023": 1033837.746170999,
  "2024": 564379.389438
}