{
  "2023": 1033837.746170999,
  "2024": 616043.1660269999
}