{
  "2023": 1033837.746170999,
  "2024": 165708.26178500004
}