{
  "2023": 1033837.746170999,
  "2024": 1050898.820065
}