{
  "2023": 1033837.746170999,
  "2024": 839381.3238360002
}