{
  "2023": 1033837.746170999,
  "2024": 471487.218543
}