{
  "2023": 1033837.746170999,
  "2024": 465251.194016
}