{
  "2023": 1033837.746170999,
  "2024": 213728.127054
}