{
  "2023": 1033837.746170999,
  "2024": 158453.58897800004
}