{
  "2023": 1033837.746170999,
  "2024": 274671.1100230001
}