{
  "2023": 1033837.746170999,
  "2024": 761003.8350580002
}