{
  "2023": 1033837.746170999,
  "2024": 181127.13543500003
}