{
  "2023": 1033837.746170999,
  "2024": 689808.5419880002
}