{
  "2023": 1033837.746170999,
  "2024": 268296.1042640001
}