{
  "2023": 1033837.746170999,
  "2024": 599819.519326
}