{
  "2023": 1033837.746170999,
  "2024": 409480.3587580002
}