{
  "2023": 1033837.746170999,
  "2024": 587108.8662040001
}