{
  "2023": 1033837.746170999,
  "2024": 706184.5639670002
}