{
  "2023": 1033837.746170999,
  "2024": 172351.09563100003
}