{
  "2023": 1033837.746170999,
  "2024": 235065.96851900002
}