{
  "2023": 1033837.746170999,
  "2024": 826383.5815280003
}