{
  "2023": 1033837.746170999,
  "2024": 357019.6998120001
}