{
  "2023": 1033837.746170999,
  "2024": 1165321.9990850003
}