{
  "2023": 1033837.746170999,
  "2024": 11188.691756
}