{
  "2023": 1033837.746170999,
  "2024": 685454.9718350002
}