{
  "2023": 1033837.746170999,
  "2024": 868670.3028140002
}