{
  "2023": 1033837.746170999,
  "2024": 708339.6293250001
}