{
  "2023": 1033837.746170999,
  "2024": 300601.4934690002
}