{
  "2023": 1033837.746170999,
  "2024": 531906.4260040001
}