{
  "2023": 1033837.746170999,
  "2024": 1159701.1263530003
}