{
  "2023": 1033837.746170999,
  "2024": 669453.4502490002
}