{
  "2023": 1033837.746170999,
  "2024": 910030.3043940003
}