{
  "2023": 1033837.746170999,
  "2024": 75108.489339
}