{
  "2023": 1033837.746170999,
  "2024": 453029.23526700004
}