{
  "2023": 1033837.746170999,
  "2024": 449339.6427040002
}