{
  "2023": 1033837.746170999,
  "2024": 1062350.6014470004
}