{
  "2023": 1033837.746170999,
  "2024": 449405.5423740001
}