{
  "2023": 1033837.746170999,
  "2024": 801348.2000560003
}