{
  "2023": 1033837.746170999,
  "2024": 655163.5573450002
}