{
  "2023": 1033837.746170999,
  "2024": 375450.56638800015
}