{
  "2023": 1033837.746170999,
  "2024": 747976.3137710001
}