{
  "2023": 1033837.746170999,
  "2024": 894699.9743730002
}