{
  "2023": 1033837.746170999,
  "2024": 79241.02033500001
}