{
  "2023": 1033837.746170999,
  "2024": 78699.51091900001
}