{
  "2023": 1033837.746170999,
  "2024": 725868.4690330001
}