{
  "2023": 1033837.746170999,
  "2024": 1091681.2862400003
}