{
  "2023": 1033837.746170999,
  "2024": 1140804.9373350004
}