{
  "2023": 1033837.746170999,
  "2024": 640520.237818
}