{
  "2023": 1033837.746170999,
  "2024": 318550.35890300013
}