{
  "2023": 1033837.746170999,
  "2024": 322349.30748400016
}