{
  "2023": 1033837.746170999,
  "2024": 422070.8982560002
}