{
  "2023": 1033837.746170999,
  "2024": 1026104.3539920003
}