{
  "2023": 1033837.746170999,
  "2024": 717959.1098180001
}