{
  "2023": 1033837.746170999,
  "2024": 696794.9236820003
}