{
  "2023": 1033837.746170999,
  "2024": 369761.8312940002
}