{
  "2023": 1033837.746170999,
  "2024": 498342.24345000007
}