{
  "2023": 1033837.746170999,
  "2024": 456742.98952100007
}