{
  "2023": 1033837.746170999,
  "2024": 1132594.3641940004
}