{
  "2023": 1033837.746170999,
  "2024": 696235.8957980002
}