{
  "2023": 1033837.746170999,
  "2024": 702500.6818020003
}