{
  "2023": 1033837.746170999,
  "2024": 420111.44353800017
}