{
  "2023": 1033837.746170999,
  "2024": 1111163.3854490002
}