{
  "2023": 1033837.746170999,
  "2024": 43611.999816999996
}