{
  "2023": 1033837.746170999,
  "2024": 394459.07355800015
}