{
  "2023": 1033837.746170999,
  "2024": 1147716.8076700005
}