{
  "2023": 1033837.746170999,
  "2024": 646920.191922
}